<REQUEST_GROUP>
	<REQUESTING_PARTY>
		<CONTACT_DETAIL _Name="abc@firstam.com" />
	</REQUESTING_PARTY>
	<SUBMITTING_PARTY _Identifier="" _Name=""/>
	<REQUEST>
		<KEY _Name="GlobalTransactionIdentifier" _Value=""/>
		<KEY _Name="AutoNumberIndicator" _Value="Y"/>
		<REQUEST_DATA>
			<TITLE_REQUEST _ActionType="Submit" _ItemType="TitleOrder" _Identifier="" VendorTransactionIdentifier="" VendorOrderIdentifier="" OfficeIdentifier=""  TitleOwnershipType="Individual" _Comment="This is a Title Order from ClientWeb">
				<BORROWER _Type="Individual" _FirstName="John" _LastName="Doe" _MiddleName="A" _SSN="000767083" MaritalStatusType="Unmarried">
					<_RESIDENCE _StreetAddress="902 MAIN ST." _StreetAddress2="APT 1" _City="San Diego" _PostalCode="92114" _State="CA" _Country="USA"/>
					<CONTACT_POINT _RoleType="Mobile" _Type="Phone" _Value="1234567890"/>
				</BORROWER>
				<BORROWER _Type="HusbandWife" _FirstName="John" _LastName="Smith" _SSN="007123456" MaritalStatusType="Married">
					<_RESIDENCE _StreetAddress="114 First St." _City="San Diego" _PostalCode="92114" _State="CA" _Country="USA"/>
					<CONTACT_POINT _RoleType="Home" _Type="Phone" _Value="1239876510"/>
					<SPOUSE _FirstName="Mary" _LastName="Smith" _SSN="007128965"/>
				</BORROWER>
				<SELLER _Type="BusinessEntity" _UnparsedName="ABC Corporation">
					<_RESIDENCE _StreetAddress="123 Washington St." _City="Santa Ana" _PostalCode="92101" _State="CA" _Country="USA"/>
					<CONTACT_POINT _RoleType="Work" _Type="Phone" _Value="1239876510"/>
					<NON_PERSON_ENTITY_DETAIL _OrganizationType="NonProfitCorporation" _TaxIdentificationNumberIdentifier="1234567" _OrganizedUnderTheLawsOfJurisdictionName="CA" />
				</SELLER>
				<LOAN_PURPOSE _Type="Refinance"/>
				<LENDER _Identifier="44199"/>
				<MORTGAGE_TERMS BorrowerRequestedLoanAmount="500000" LenderCaseIdentifier="LOAN_NUMBER_1000" LoanEstimatedClosingDate="2007-02-03" MortgageType="Conventional"/>
				<RELATED_LOAN LenderIdentifier="44199" LenderCaseIdentifier="LOAN_NUMBER_2000" BorrowerRequestedLoanAmount="100000" />
				<RELATED_LOAN LenderIdentifier="44199" LenderCaseIdentifier="LOAN_NUMBER_3000" BorrowerRequestedLoanAmount="50000" />
				<PROPERTY _StreetAddress="2064 ALTA LOMA" _StreetAddress2="Apt# 100" _City="DAVIS" _County="Orange" _State="CA" _PostalCode="95616" _Country="USA" _TitleCategoryType="SingleFamily" _SalesAmount="750000"/>
				<_PRODUCT _CategoryType="Insurance">
					<_TYPE _Identifier="RequestedProduct"/>
					<_NAME _Identifier="1081" _Description="[REQUESTED_PRODUCT_ID]"/>
				</_PRODUCT>
				<_PRODUCT>
					<_TYPE _Identifier="ProgramType"/>
					<_NAME _Identifier="PT-1" _Description="[FAST_PROGRAMTYPE_NAME]"/>
				</_PRODUCT>
				<_PRODUCT>
					<_TYPE _Identifier="ProductIdentifier"/>
					<_NAME _Identifier="1147" _Description="Commitment"/>
					<_NAME _Identifier="1149" _Description="Prelim"/>
					<_NAME _Identifier="1182" _Description="Eagle Plus"/>
				</_PRODUCT>
				<_PRODUCT>
					<_TYPE _Identifier="SearchType"/>
					<_NAME _Identifier="1" _Description="[FAST_SEARCHTYPE_ID]"/>
				</_PRODUCT>
				<FULFILLMENT_PARTY _Identifier="BKORA" _RoleType="TitleAgent" />
				<FULFILLMENT_PARTY _RoleType="BusinessSource" _Identifier="44199" _SalesRep1Identifier="" _SalesRep2Identifier ="" _CaseIdentifier="abc123">
					<CONTACT_DETAIL _Identifier="44218" />
				</FULFILLMENT_PARTY>
			</TITLE_REQUEST>
		</REQUEST_DATA>
		<REQUEST_DATA>
			<CLOSING_REQUEST _ActionType="Submit" _ItemType="ClosingEvent" _Identifier="" VendorTransactionIdentifier="" VendorOrderIdentifier="" ClosingOfficeIdentifier="" _Comment="This is an Escrow Order from ClientWeb">
				<FULFILLMENT_PARTY _Identifier="119" _RoleType="ClosingAgent" />
			</CLOSING_REQUEST>
		</REQUEST_DATA>
	</REQUEST>
</REQUEST_GROUP>
